"Designator","Footprint","Mid X","Mid Y","Ref X","Ref Y","Pad X","Pad Y","Layer","Rotation","Comment"
""
"U26","PCB-wov5llpgebpq1pwypz48-1","113.1mm","80.1446mm","113.1mm","80.1446mm","115.2mm","78.5196mm","T","180.00","LT3045IMSE"
"U25","PCB-wizual0g3wynqnqrtsvy-1","113mm","92.9446mm","113mm","92.9446mm","115.1mm","91.3196mm","T","180.00","LT3094EMSE"
"R46","PCB-3d5y3t7f8drf35yjcj59-1","112.5mm","85.0446mm","112.5mm","85.0446mm","111.611mm","85.0446mm","T","360.00","91k"
"R45","PCB-3d5y3t7f8drf35yjcj59-1","112.2mm","97.9446mm","112.2mm","97.9446mm","111.311mm","97.9446mm","T","0.00","91k"
"C124","PCB-rf0pzaa82dpbeu9l4sxm-1","112.5mm","83.4446mm","112.5mm","83.4446mm","111.738mm","83.4446mm","T","360.00","10u"
"C123","PCB-9bfrndi9huxo1n7cihpl-1","119.3mm","76.2mm","119.3mm","76.2mm","119.3mm","77.4446mm","T","270.00","100u"
"C122","PCB-9bfrndi9huxo1n7cihpl-1","106.5mm","82.8446mm","106.5mm","82.8446mm","106.5mm","81.6mm","T","90.00","100u"
"C121","PCB-rf0pzaa82dpbeu9l4sxm-1","108.8mm","77.7446mm","108.8mm","77.7446mm","108.8mm","76.9826mm","T","90.00","100n"
"C120","PCB-rf0pzaa82dpbeu9l4sxm-1","117.2mm","81.3446mm","117.2mm","81.3446mm","117.2mm","82.1066mm","T","270.00","100n"
"C119","PCB-rf0pzaa82dpbeu9l4sxm-1","112.1mm","96.0446mm","112.1mm","96.0446mm","111.338mm","96.0446mm","T","360.00","10u"
"C118","PCB-9bfrndi9huxo1n7cihpl-1","119.3mm","87.2mm","119.3mm","87.2mm","119.3mm","85.9554mm","T","90.00","100u"
"C117","PCB-9bfrndi9huxo1n7cihpl-1","106.3mm","93.7mm","106.3mm","93.7mm","106.3mm","94.9446mm","T","270.00","100u"
"C116","PCB-rf0pzaa82dpbeu9l4sxm-1","110.7mm","89.7mm","110.7mm","89.7mm","111.462mm","89.7mm","T","180.00","100n"
"C115","PCB-rf0pzaa82dpbeu9l4sxm-1","117.3mm","93.2mm","117.3mm","93.2mm","117.3mm","93.962mm","T","270.00","100n"
"R44","PCB-3d5y3t7f8drf35yjcj59-1","64.5mm","50.5mm","64.5mm","50.5mm","63.611mm","50.5mm","T","360.00","10k"
"J5","PCB-w7fgx0p37qyww1etoafk-1","28.325mm","60.565mm","28.325mm","64.375mm","28.325mm","64.375mm","T","270.00","1x04"
"J3","PCB-ha706v9ghebje50nqhkf-1","62.4mm","65.573mm","62.4mm","65.7mm","62.4mm","64.938mm","T","90.00","3M 923345-03-C"
"J2","PCB-ha706v9ghebje50nqhkf-1","60.8mm","65.573mm","60.8mm","65.7mm","60.8mm","64.938mm","T","90.00","3M 923345-03-C"
"U6","PCB-n2zh5wqg9qgt346qmob6-1","113.6272mm","52.4543mm","113.6272mm","52.4543mm","115.1522mm","51.4543mm","T","90.00","LT3042"
"R40","PCB-3d5y3t7f8drf35yjcj59-1","113.675mm","57.15mm","113.675mm","57.15mm","112.786mm","57.15mm","T","360.00","33k2"
"FB2","MURA-BLM18-F-H3-CHIP-2_V","117.6mm","51mm","117.6mm","51mm","118.425mm","51mm","T","180.00","BLM18EG391TN1D"
"C109","PCB-rf0pzaa82dpbeu9l4sxm-1","113.725mm","55.3mm","113.725mm","55.3mm","112.963mm","55.3mm","T","360.00","10u"
"C27","PCB-9bfrndi9huxo1n7cihpl-1","108.275mm","58.125mm","108.275mm","58.125mm","108.275mm","56.8804mm","T","90.00","100u"
"C26","PCB-rf0pzaa82dpbeu9l4sxm-1","109.675mm","51.7mm","109.675mm","51.7mm","108.913mm","51.7mm","T","360.00","100n"
"C25","PCB-rf0pzaa82dpbeu9l4sxm-1","116.725mm","53.2mm","116.725mm","53.2mm","116.725mm","53.962mm","T","270.00","100n"
"C24","PCB-9bfrndi9huxo1n7cihpl-1","112.825mm","47.1mm","112.825mm","47.1mm","114.0696mm","47.1mm","T","180.00","100u"
"X3","PCB-pzpexmpe4kdarfiuuki7-1","35.7475mm","52.0405mm","35.7475mm","52.0405mm","34.8225mm","53.1905mm","T","90.00","24.000Mhz"
"X2","PCB-5cl8jn5un4pdqd8b4poj-1","101.125mm","48.511mm","101.125mm","48.511mm","99.975mm","47.561mm","T","0.00","24.576 Mhz"
"X1","PCB-5cl8jn5un4pdqd8b4poj-1","87.189mm","48.311mm","87.189mm","48.311mm","86.039mm","47.361mm","T","360.00","24.576 Mhz"
"U24","SOT-23-TT3_N","37mm","62.1mm","37mm","62.1mm","37.95mm","61.15mm","T","180.00","MCP120T-315I"
"U23","SOT143-4L","37.8532mm","44.3mm","37.8532mm","44.3mm","38.6532mm","45.3mm","T","270.00","PRTR5V0U2X,215"
"U22","PCBComponent_1","61.5mm","46mm","61.5mm","46mm","63.95mm","44.095mm","T","180.00","AT25SF161"
"U21","PCB-9tw520wec8sfx58i85wg-1","50.0985mm","55.3425mm","50.0985mm","55.3425mm","54.8485mm","61.9175mm","T","270.00","MIMXRT1011DAE5A"
"U20","PCB-wxeqetr75037g92pbgyq-1","104.375mm","52.611mm","103.425mm","51.311mm","103.425mm","51.311mm","T","0.00","NC7SZU04"
"U19","PCB-wxeqetr75037g92pbgyq-1","106.975mm","48.511mm","107.925mm","49.811mm","107.925mm","49.811mm","T","180.00","NC7SZU04"
"U18","PCB-wxeqetr75037g92pbgyq-1","82.1921mm","52.771mm","80.8921mm","53.721mm","80.8921mm","53.721mm","T","270.00","NC7SZU04"
"U17","PCB-eypsu81inaog57bsahf2-1","95.225mm","52.975mm","95.225mm","52.975mm","94.575mm","52.055mm","T","0.00","NC7SZ32P5X"
"U16","PCB-wxeqetr75037g92pbgyq-1","90.45mm","52.4mm","89.5mm","51.1mm","89.5mm","51.1mm","T","360.00","NC7SZU04"
"U15","PCB-wxeqetr75037g92pbgyq-1","93.05mm","48.3mm","94mm","49.6mm","94mm","49.6mm","T","180.00","NC7SZU04"
"U14","PCB-b46ddvbc1rxbl1gahzd1-1","87.3144mm","65.1787mm","87.3144mm","65.1787mm","83.0893mm","62.2287mm","T","90.00","CS4398"
"U13","RGY14-2050X2050TP","69.2781mm","86.8237mm","69.278mm","86.8236mm","70.0281mm","85.0987mm","T","180.00","TPA6120A2RGYT"
"U12","TI-D8_M","90.8932mm","88.7933mm","90.8932mm","88.7933mm","88.4433mm","90.6983mm","T","360.00","OPA1612"
"U11","PCB-0ardthfs7lzl2yengne1-1","52.7mm","40.325mm","52.7mm","40.325mm","53.35mm","41.425mm","T","270.00","SN74LV1T34"
"U10","SOP16","71.1mm","50.355mm","68.6mm","54.8mm","68.6mm","54.8mm","T","360.00","ADUM151N"
"U9","SOP16","71.1mm","63.055mm","68.6mm","67.5mm","68.6mm","67.5mm","T","360.00","ADUM151N"
"U8","PCB-0ardthfs7lzl2yengne1-1","47.625mm","41.125mm","47.625mm","41.125mm","48.275mm","42.225mm","T","270.00","SN74LV1T34"
"U5","PCB-ab03it339uw922kmt1cl-1","104.7mm","64.5mm","104.7mm","64.5mm","105.9mm","63.55mm","T","180.00","LP5907-3.3"
"U4","SOT-23A-CB3_L","110.2mm","64.5mm","110.2mm","64.5mm","109.1mm","65.45mm","T","360.00","MCP1702T-5"
"U3","PCB-n2zh5wqg9qgt346qmob6-1","104.825mm","69.475mm","104.825mm","69.475mm","106.35mm","68.475mm","T","90.00","LT3042"
"U2","PCB-ab03it339uw922kmt1cl-1","42.7mm","41.1mm","42.7mm","41.1mm","41.75mm","39.9mm","T","90.00","LP5907-3.3"
"U1","PCB-z49b8x4xdp07datjgpqp-1","60.833mm","36.322mm","60.833mm","36.322mm","62.033mm","35.372mm","T","180.00","SN6505B"
"TR1","PCB-wryx25zm61bkpund2vng-1","71.051mm","36.37mm","65.151mm","39.37mm","65.151mm","39.37mm","T","0.00","DA2304"
"R39","PCB-3d5y3t7f8drf35yjcj59-1","28.825mm","51.675mm","28.825mm","51.675mm","29.714mm","51.675mm","T","180.00","1M"
"R38","PCB-3d5y3t7f8drf35yjcj59-1","40.2mm","61.5mm","40.2mm","61.5mm","40.2mm","62.389mm","T","270.00","100k"
"R37","PCB-3d5y3t7f8drf35yjcj59-1","48.0665mm","69.4565mm","48.0665mm","69.4565mm","48.9555mm","69.4565mm","T","180.00","47k"
"R36","PCB-3d5y3t7f8drf35yjcj59-1","35.125mm","65.1mm","35.125mm","65.1mm","36.014mm","65.1mm","T","180.00","1k"
"R35","PCB-3d5y3t7f8drf35yjcj59-1","39.075mm","66.8mm","39.075mm","66.8mm","39.964mm","66.8mm","T","180.00","1k"
"R32","PCB-3d5y3t7f8drf35yjcj59-1","98.125mm","54mm","98.125mm","54mm","98.125mm","54.889mm","T","270.00","10k"
"R31","PCB-3d5y3t7f8drf35yjcj59-1","104.425mm","48.511mm","104.425mm","48.511mm","104.425mm","47.622mm","T","90.00","1M"
"R30","PCB-3d5y3t7f8drf35yjcj59-1","95mm","55.5mm","95mm","55.5mm","94.111mm","55.5mm","T","360.00","22"
"R29","PCB-3d5y3t7f8drf35yjcj59-1","95mm","57.85mm","95mm","57.85mm","94.111mm","57.85mm","T","360.00","22"
"R28","PCB-3d5y3t7f8drf35yjcj59-1","87mm","56.7mm","87mm","56.7mm","87.889mm","56.7mm","T","180.00","10k"
"R27","PCB-3d5y3t7f8drf35yjcj59-1","90.489mm","48.311mm","90.489mm","48.311mm","90.489mm","47.422mm","T","90.00","1M"
"R26","PCB-3d5y3t7f8drf35yjcj59-1","98.0182mm","91.7182mm","98.0182mm","91.7182mm","97.1292mm","91.7182mm","T","360.00","820"
"R25","PCB-3d5y3t7f8drf35yjcj59-1","98.0182mm","89.5182mm","98.0182mm","89.5182mm","98.9073mm","89.5182mm","T","180.00","1k5"
"R24","PCB-3d5y3t7f8drf35yjcj59-1","101.4183mm","88.9182mm","101.4183mm","88.9182mm","100.5293mm","88.9182mm","T","360.00","820"
"R23","PCB-3d5y3t7f8drf35yjcj59-1","97.1183mm","94.0182mm","97.1183mm","94.0182mm","97.1183mm","93.1292mm","T","90.00","50"
"R22","PCB-3d5y3t7f8drf35yjcj59-1","96.6mm","85mm","96.6mm","85mm","97.489mm","85mm","T","180.00","1k5"
"R21","PCB-3d5y3t7f8drf35yjcj59-1","100.5mm","83.5mm","100.5mm","83.5mm","99.611mm","83.5mm","T","360.00","820"
"R20","PCB-3d5y3t7f8drf35yjcj59-1","100.4183mm","86.0182mm","100.4183mm","86.0182mm","100.4183mm","85.1292mm","T","90.00","820"
"R19","PCB-3d5y3t7f8drf35yjcj59-1","64.875mm","89.05mm","64.875mm","89.05mm","65.764mm","89.05mm","T","180.00","15"
"R18","PCB-3d5y3t7f8drf35yjcj59-1","84.5932mm","93.3932mm","84.5932mm","93.3932mm","85.4822mm","93.3932mm","T","180.00","820"
"R17","PCB-3d5y3t7f8drf35yjcj59-1","64.875mm","84.45mm","64.875mm","84.45mm","65.764mm","84.45mm","T","180.00","15"
"R16","PCB-3d5y3t7f8drf35yjcj59-1","84.0182mm","90.5182mm","84.0182mm","90.5182mm","84.0182mm","91.4073mm","T","270.00","1k5"
"R15","PCB-3d5y3t7f8drf35yjcj59-1","81.8183mm","90.5182mm","81.8183mm","90.5182mm","81.8183mm","91.4073mm","T","270.00","820"
"R14","PCB-3d5y3t7f8drf35yjcj59-1","71.375mm","83.65mm","71.375mm","83.65mm","70.486mm","83.65mm","T","360.00","1k"
"R13","PCB-3d5y3t7f8drf35yjcj59-1","71.275mm","89.95mm","71.275mm","89.95mm","70.386mm","89.95mm","T","360.00","1k"
"R12","PCB-3d5y3t7f8drf35yjcj59-1","85.5182mm","95.7182mm","85.5182mm","95.7182mm","85.5182mm","94.8293mm","T","90.00","50"
"R11","PCB-3d5y3t7f8drf35yjcj59-1","73.375mm","87.8mm","73.375mm","87.8mm","72.486mm","87.8mm","T","0.00","1k"
"R10","PCB-3d5y3t7f8drf35yjcj59-1","73.4mm","85.725mm","73.4mm","85.725mm","72.511mm","85.725mm","T","0.00","1k"
"R9","PCB-3d5y3t7f8drf35yjcj59-1","84.8932mm","86.4933mm","84.8932mm","86.4933mm","84.0042mm","86.4933mm","T","360.00","1k5"
"R8","PCB-3d5y3t7f8drf35yjcj59-1","82.0182mm","85.9183mm","82.0182mm","85.9183mm","82.0182mm","86.8072mm","T","270.00","820"
"R7","PCB-3d5y3t7f8drf35yjcj59-1","84.9183mm","84.6183mm","84.9183mm","84.6183mm","84.0293mm","84.6183mm","T","360.00","820"
"R6","PCB-3d5y3t7f8drf35yjcj59-1","53.725mm","43mm","53.725mm","43mm","52.836mm","43mm","T","360.00","10k"
"R5","PCB-3d5y3t7f8drf35yjcj59-1","65.5mm","61.1mm","65.5mm","61.1mm","66.389mm","61.1mm","T","180.00","22"
"R4","PCB-3d5y3t7f8drf35yjcj59-1","78.2mm","61.8mm","78.2mm","61.8mm","79.089mm","61.8mm","T","180.00","22"
"R3","PCB-3d5y3t7f8drf35yjcj59-1","78.2mm","63.6mm","78.2mm","63.6mm","79.089mm","63.6mm","T","180.00","22"
"R2","PCB-3d5y3t7f8drf35yjcj59-1","78.2mm","65.5mm","78.2mm","65.5mm","79.089mm","65.5mm","T","180.00","22"
"R1","PCB-3d5y3t7f8drf35yjcj59-1","102.3109mm","73.0251mm","102.3109mm","73.0251mm","102.3109mm","72.1361mm","T","90.00","49k9"
"Q2","SOT23-BEC","101.025mm","53.911mm","101.025mm","53.911mm","101.9826mm","55.0198mm","T","180.00","BC847"
"Q1","SOT23-BEC","87mm","53.7mm","87mm","53.7mm","87.9576mm","54.8088mm","T","180.00","BC847"
"L6","PCB-ugv71n5f75k2fx4txc2r-1","43.4005mm","66.0465mm","43.4005mm","66.0465mm","43.4005mm","64.4465mm","T","90.00","LPS3314-472MR"
"L5","PCB-0z5abqka5wqo6pkabrtd-1","57.925mm","94.875mm","57.925mm","94.875mm","63.515mm","94.875mm","T","180.00","220n"
"L4","PCB-0z5abqka5wqo6pkabrtd-1","57.925mm","77.75mm","57.925mm","77.75mm","63.515mm","77.75mm","T","180.00","220n"
"L3","PCB-91apuy3syfgd6vk6qbo6-1","96.475mm","31.475mm","96.475mm","31.475mm","93.775mm","31.475mm","T","0.00","LPS6235-563MR"
"L2","PCB-91apuy3syfgd6vk6qbo6-1","96.425mm","40.1mm","96.425mm","40.1mm","93.725mm","40.1mm","T","0.00","LPS6235-563MR"
"L1","LPS6235","40.4mm","32.975mm","40.4mm","32.975mm","37.7mm","32.975mm","T","360.00","LPS6235-333MRB"
"J4","PCB-zpxmgbfbf2leld1qryc0-1","30.559mm","42.272mm","30.559mm","42.272mm","32.914mm","41.022mm","T","270.00","USB B"
"J1","PCB-j9vj6bmn4rccphvinwcn-1","33.125mm","86.3mm","27.575mm","86.05mm","27.575mm","86.05mm","T","360.00","CUI SJ1-3515N"
"FB1","MURA-BLM18-F-H3-CHIP-2_V","113.6mm","63.3mm","113.6mm","63.3mm","114.425mm","63.3mm","T","180.00","BLM18EG391TN1D"
"D6","PCB-iuhwubou6tsv2qadu19r-1","34.9mm","68.425mm","34.9mm","68.425mm","34.9mm","69.695mm","T","270.00","RED_ERR"
"D5","PCB-iuhwubou6tsv2qadu19r-1","30.65mm","68.425mm","30.65mm","68.425mm","30.65mm","69.695mm","T","270.00","GREEN_ST"
"D4","PCB-mrclmtn06znaca5ywvvw-1","81.407mm","32.893mm","81.407mm","32.893mm","82.607mm","32.893mm","T","180.00","ZHCS400"
"D3","PCB-mrclmtn06znaca5ywvvw-1","81.407mm","35.179mm","81.407mm","35.179mm","82.607mm","35.179mm","T","180.00","ZHCS400"
"D2","PCB-mrclmtn06znaca5ywvvw-1","81.407mm","39.497mm","81.407mm","39.497mm","80.207mm","39.497mm","T","0.00","ZHCS400"
"D1","PCB-mrclmtn06znaca5ywvvw-1","81.407mm","37.338mm","81.407mm","37.338mm","80.207mm","37.338mm","T","0.00","ZHCS400"
"C108","PCB-rf0pzaa82dpbeu9l4sxm-1","39.1mm","64.6mm","39.1mm","64.6mm","38.338mm","64.6mm","T","360.00","100n"
"C107","PCB-rf0pzaa82dpbeu9l4sxm-1","28.825mm","53.675mm","28.825mm","53.675mm","29.587mm","53.675mm","T","180.00","1n"
"C106","PCB-rf0pzaa82dpbeu9l4sxm-1","41.6mm","61.3mm","41.6mm","61.3mm","41.6mm","60.538mm","T","90.00","100n"
"C105","PCB-rf0pzaa82dpbeu9l4sxm-1","40.3195mm","57.7555mm","40.3195mm","57.7555mm","41.0815mm","57.7555mm","T","180.00","100n"
"C104","PCB-rf0pzaa82dpbeu9l4sxm-1","38mm","58.225mm","38mm","58.225mm","38mm","58.987mm","T","270.00","10u"
"C103","PCB-rf0pzaa82dpbeu9l4sxm-1","40.3195mm","59.0255mm","40.3195mm","59.0255mm","41.0815mm","59.0255mm","T","180.00","100n"
"C102","PCB-rf0pzaa82dpbeu9l4sxm-1","40.3195mm","54.8345mm","40.3195mm","54.8345mm","39.5575mm","54.8345mm","T","360.00","10u"
"C101","PCB-rf0pzaa82dpbeu9l4sxm-1","40.3195mm","56.1045mm","40.3195mm","56.1045mm","41.0815mm","56.1045mm","T","180.00","100n"
"C100","PCB-rf0pzaa82dpbeu9l4sxm-1","40.3195mm","53.5645mm","40.3195mm","53.5645mm","41.0815mm","53.5645mm","T","180.00","100n"
"C99","PCB-rf0pzaa82dpbeu9l4sxm-1","38.2875mm","53.9455mm","38.2875mm","53.9455mm","38.2875mm","54.7075mm","T","270.00","10u"
"C98","PCB-rf0pzaa82dpbeu9l4sxm-1","40.7005mm","50.8975mm","40.7005mm","50.8975mm","41.4625mm","50.8975mm","T","180.00","100n"
"C97","PCB-rf0pzaa82dpbeu9l4sxm-1","40.1925mm","48.7385mm","40.1925mm","48.7385mm","40.1925mm","47.9765mm","T","90.00","10u"
"C96","PCB-rf0pzaa82dpbeu9l4sxm-1","56.3mm","44.8mm","56.3mm","44.8mm","56.3mm","44.038mm","T","90.00","100n"
"C95","PCB-rf0pzaa82dpbeu9l4sxm-1","41.5895mm","48.8655mm","41.5895mm","48.8655mm","41.5895mm","48.1035mm","T","90.00","10u"
"C94","PCB-rf0pzaa82dpbeu9l4sxm-1","42.8595mm","48.8655mm","42.8595mm","48.8655mm","42.8595mm","49.6275mm","T","270.00","100n"
"C93","PCB-rf0pzaa82dpbeu9l4sxm-1","51.3685mm","45.9445mm","51.3685mm","45.9445mm","51.3685mm","46.7065mm","T","270.00","100n"
"C92","PCB-rf0pzaa82dpbeu9l4sxm-1","49.4mm","65.2mm","49.4mm","65.2mm","49.4mm","64.438mm","T","90.00","100n"
"C91","PCB-rf0pzaa82dpbeu9l4sxm-1","59.6235mm","58.5175mm","59.6235mm","58.5175mm","58.8615mm","58.5175mm","T","360.00","100n"
"C90","PCB-rf0pzaa82dpbeu9l4sxm-1","44.325mm","68.825mm","44.325mm","68.825mm","45.087mm","68.825mm","T","180.00","10u"
"C89","PCB-rf0pzaa82dpbeu9l4sxm-1","48.0665mm","68.0595mm","48.0665mm","68.0595mm","48.8285mm","68.0595mm","T","180.00","100n"
"C88","PCB-rf0pzaa82dpbeu9l4sxm-1","44.8855mm","45.9195mm","44.8855mm","45.9195mm","44.8855mm","46.6815mm","T","270.00","10u"
"C87","PCB-rf0pzaa82dpbeu9l4sxm-1","46.2825mm","45.9195mm","46.2825mm","45.9195mm","46.2825mm","46.6815mm","T","270.00","100n"
"C86","PCB-rf0pzaa82dpbeu9l4sxm-1","59.6235mm","55.4695mm","59.6235mm","55.4695mm","60.3855mm","55.4695mm","T","180.00","100n"
"C85","PCB-rf0pzaa82dpbeu9l4sxm-1","49.9715mm","45.9445mm","49.9715mm","45.9445mm","49.9715mm","45.1825mm","T","90.00","100n"
"C84","PCB-rf0pzaa82dpbeu9l4sxm-1","59.6235mm","51.6595mm","59.6235mm","51.6595mm","60.3855mm","51.6595mm","T","180.00","100n"
"C83","PCB-rf0pzaa82dpbeu9l4sxm-1","51.8765mm","65.3755mm","51.8765mm","65.3755mm","51.8765mm","66.1375mm","T","270.00","100n"
"C82","PCB-rf0pzaa82dpbeu9l4sxm-1","38.0335mm","50.1355mm","38.0335mm","50.1355mm","38.0335mm","50.8975mm","T","270.00","18p"
"C81","PCB-rf0pzaa82dpbeu9l4sxm-1","53.2mm","65.3mm","53.2mm","65.3mm","53.2mm","64.538mm","T","90.00","10u"
"C80","PCB-rf0pzaa82dpbeu9l4sxm-1","59.6235mm","50.2625mm","59.6235mm","50.2625mm","58.8615mm","50.2625mm","T","360.00","10u"
"C79","PCB-rf0pzaa82dpbeu9l4sxm-1","47.8125mm","65.3755mm","47.8125mm","65.3755mm","47.8125mm","64.6135mm","T","90.00","10u"
"C78","PCB-rf0pzaa82dpbeu9l4sxm-1","46.6695mm","65.3755mm","46.6695mm","65.3755mm","46.6695mm","66.1375mm","T","270.00","100n"
"C77","PCB-rf0pzaa82dpbeu9l4sxm-1","35.7475mm","54.9615mm","35.7475mm","54.9615mm","34.9855mm","54.9615mm","T","360.00","18p"
"C76","PCB-rf0pzaa82dpbeu9l4sxm-1","100.925mm","51.111mm","100.925mm","51.111mm","101.687mm","51.111mm","T","180.00","18p"
"C75","PCB-rf0pzaa82dpbeu9l4sxm-1","98.125mm","48.411mm","98.125mm","48.411mm","98.125mm","47.649mm","T","90.00","18p"
"C74","PCB-rf0pzaa82dpbeu9l4sxm-1","103.525mm","56.111mm","103.525mm","56.111mm","103.525mm","56.873mm","T","270.00","100n"
"C73","PCB-rf0pzaa82dpbeu9l4sxm-1","107.125mm","45.711mm","107.125mm","45.711mm","107.887mm","45.711mm","T","180.00","100n"
"C72","PCB-rf0pzaa82dpbeu9l4sxm-1","82.3921mm","55.221mm","82.3921mm","55.221mm","83.1541mm","55.221mm","T","180.00","100n"
"C71","PCB-rf0pzaa82dpbeu9l4sxm-1","87mm","50.9mm","87mm","50.9mm","87.762mm","50.9mm","T","180.00","18p"
"C70","PCB-rf0pzaa82dpbeu9l4sxm-1","84.189mm","48.311mm","84.189mm","48.311mm","84.189mm","47.549mm","T","90.00","18p"
"C69","PCB-rf0pzaa82dpbeu9l4sxm-1","93.225mm","53.075mm","93.225mm","53.075mm","93.225mm","52.313mm","T","90.00","100n"
"C68","PCB-rf0pzaa82dpbeu9l4sxm-1","89.5mm","55.9mm","89.5mm","55.9mm","89.5mm","56.662mm","T","270.00","100n"
"C67","PCB-rf0pzaa82dpbeu9l4sxm-1","95.5mm","48.4mm","95.5mm","48.4mm","95.5mm","47.638mm","T","90.00","100n"
"C66","PCB-3kuidc2n9u2t7zucpvy0-1","87.9444mm","75.4728mm","87.9444mm","75.4728mm","89.3444mm","75.4728mm","T","180.00","33u"
"C65","PCB-rf0pzaa82dpbeu9l4sxm-1","91.5053mm","70.6398mm","91.5053mm","70.6398mm","92.2673mm","70.6398mm","T","180.00","100n"
"C64","PCB-rf0pzaa82dpbeu9l4sxm-1","93.1mm","67.8mm","93.1mm","67.8mm","93.1mm","68.562mm","T","270.00","100n"
"C63","PCB-3kuidc2n9u2t7zucpvy0-1","81.4744mm","72.2168mm","81.4744mm","72.2168mm","82.8744mm","72.2168mm","T","180.00","3.3u"
"C62","PCB-9bfrndi9huxo1n7cihpl-1","95.0743mm","74.6167mm","95.0743mm","74.6167mm","93.8298mm","74.6167mm","T","360.00","100u"
"C61","PCB-rf0pzaa82dpbeu9l4sxm-1","94.1744mm","62.2167mm","94.1744mm","62.2167mm","94.9364mm","62.2167mm","T","180.00","100n"
"C60","C0402_B","88.4574mm","70.6398mm","88.4574mm","70.6398mm","88.4574mm","70.1889mm","T","180.00","100p"
"C59","C0402_B","89.4733mm","70.6398mm","89.4733mm","70.6398mm","89.4733mm","70.1889mm","T","180.00","100p"
"C58","PCB-rf0pzaa82dpbeu9l4sxm-1","82.1744mm","69.8167mm","82.1744mm","69.8167mm","82.9364mm","69.8167mm","T","180.00","100n"
"C57","C0402_B","86.1714mm","70.6398mm","86.1714mm","70.6398mm","86.1714mm","71.0906mm","T","360.00","100p"
"C56","C0402_B","85.1553mm","70.6398mm","85.1553mm","70.6398mm","85.1553mm","71.0906mm","T","360.00","100p"
"C55","PCB-rf0pzaa82dpbeu9l4sxm-1","87.325mm","70.65mm","87.325mm","70.65mm","87.325mm","69.888mm","T","90.00","100n"
"C54","PCB-rf0pzaa82dpbeu9l4sxm-1","87.0603mm","59.6367mm","87.0603mm","59.6367mm","87.0603mm","60.3987mm","T","270.00","100n"
"C53","PCB-rf0pzaa82dpbeu9l4sxm-1","88.2034mm","59.6367mm","88.2034mm","59.6367mm","88.2034mm","58.8747mm","T","90.00","22u"
"C52","PCB-rf0pzaa82dpbeu9l4sxm-1","95.7182mm","88.8183mm","95.7182mm","88.8183mm","95.7182mm","89.5803mm","T","270.00","1n"
"C51","PCB-rf0pzaa82dpbeu9l4sxm-1","98.0182mm","88.0182mm","98.0182mm","88.0182mm","97.2562mm","88.0182mm","T","360.00","3n3"
"C50","PCB-rf0pzaa82dpbeu9l4sxm-1","98.9183mm","85.9183mm","98.9183mm","85.9183mm","98.9183mm","85.1563mm","T","90.00","3n3"
"C49","PCB-rf0pzaa82dpbeu9l4sxm-1","96.5182mm","86.8183mm","96.5182mm","86.8183mm","95.7562mm","86.8183mm","T","360.00","1n"
"C48","PCB-9bfrndi9huxo1n7cihpl-1","69.975mm","95.05mm","69.975mm","95.05mm","69.975mm","93.8054mm","T","90.00","100u"
"C47","PCB-9bfrndi9huxo1n7cihpl-1","70.175mm","78.75mm","70.175mm","78.75mm","70.175mm","77.5054mm","T","90.00","100u"
"C46","PCB-rf0pzaa82dpbeu9l4sxm-1","65.475mm","86.15mm","65.475mm","86.15mm","66.237mm","86.15mm","T","180.00","100n"
"C45","PCB-rf0pzaa82dpbeu9l4sxm-1","68.275mm","83.85mm","68.275mm","83.85mm","67.513mm","83.85mm","T","360.00","100n"
"C44","PCB-rf0pzaa82dpbeu9l4sxm-1","65.475mm","87.35mm","65.475mm","87.35mm","66.237mm","87.35mm","T","180.00","100n"
"C43","PCB-rf0pzaa82dpbeu9l4sxm-1","68.275mm","89.85mm","68.275mm","89.85mm","67.513mm","89.85mm","T","360.00","100n"
"C42","PCB-rf0pzaa82dpbeu9l4sxm-1","85.7933mm","90.4933mm","85.7933mm","90.4933mm","85.7933mm","89.7313mm","T","90.00","1n"
"C41","PCB-rf0pzaa82dpbeu9l4sxm-1","82.325mm","94.25mm","82.325mm","94.25mm","82.325mm","95.012mm","T","270.00","3n3"
"C40","PCB-rf0pzaa82dpbeu9l4sxm-1","82.3183mm","88.2182mm","82.3183mm","88.2182mm","83.0803mm","88.2182mm","T","180.00","3n3"
"C39","PCB-rf0pzaa82dpbeu9l4sxm-1","85.1933mm","88.1933mm","85.1933mm","88.1933mm","84.4313mm","88.1933mm","T","360.00","1n"
"C38","PCB-9bfrndi9huxo1n7cihpl-1","91.4mm","82.4mm","91.4mm","82.4mm","90.1554mm","82.4mm","T","360.00","100u"
"C37","PCB-rf0pzaa82dpbeu9l4sxm-1","87.2182mm","84.6183mm","87.2182mm","84.6183mm","87.2182mm","85.3803mm","T","270.00","100n"
"C36","PCB-rf0pzaa82dpbeu9l4sxm-1","95.0182mm","92.9182mm","95.0182mm","92.9182mm","95.0182mm","92.1562mm","T","90.00","100n"
"C35","PCB-9bfrndi9huxo1n7cihpl-1","90.95mm","95.65mm","90.95mm","95.65mm","89.7054mm","95.65mm","T","360.00","100u"
"C34","PCB-rf0pzaa82dpbeu9l4sxm-1","54.8mm","39.825mm","54.8mm","39.825mm","54.8mm","40.587mm","T","270.00","100n"
"C33","PCB-rf0pzaa82dpbeu9l4sxm-1","74.4mm","72.3mm","74.4mm","72.3mm","74.4mm","73.062mm","T","270.00","10u"
"C32","PCB-rf0pzaa82dpbeu9l4sxm-1","75.6mm","55.7mm","75.6mm","55.7mm","75.6mm","56.462mm","T","270.00","100n"
"C31","PCB-rf0pzaa82dpbeu9l4sxm-1","66.7mm","56.6mm","66.7mm","56.6mm","66.7mm","57.362mm","T","270.00","100n"
"C30","PCB-rf0pzaa82dpbeu9l4sxm-1","76.275mm","67.975mm","76.275mm","67.975mm","77.037mm","67.975mm","T","180.00","100n"
"C29","PCB-rf0pzaa82dpbeu9l4sxm-1","66.6mm","68.4mm","66.6mm","68.4mm","66.6mm","69.162mm","T","270.00","100n"
"C28","PCB-rf0pzaa82dpbeu9l4sxm-1","49.725mm","40.525mm","49.725mm","40.525mm","49.725mm","41.287mm","T","270.00","100n"
"C23","PCB-rf0pzaa82dpbeu9l4sxm-1","107.6mm","64.4mm","107.6mm","64.4mm","107.6mm","65.162mm","T","270.00","10u"
"C22","PCB-rf0pzaa82dpbeu9l4sxm-1","112.8mm","65.3mm","112.8mm","65.3mm","112.8mm","66.062mm","T","270.00","10u/16V"
"C21","PCB-rf0pzaa82dpbeu9l4sxm-1","101.9mm","64.5mm","101.9mm","64.5mm","101.9mm","65.262mm","T","270.00","22u"
"C20","PCB-rf0pzaa82dpbeu9l4sxm-1","103.7489mm","73.1251mm","103.7489mm","73.1251mm","103.7489mm","72.3631mm","T","90.00","10u"
"C19","PCB-9bfrndi9huxo1n7cihpl-1","112.4mm","70mm","112.4mm","70mm","112.4mm","68.7554mm","T","90.00","100u"
"C18","PCB-9bfrndi9huxo1n7cihpl-1","97.7mm","67.7mm","97.7mm","67.7mm","97.7mm","68.9446mm","T","270.00","100u"
"C17","PCB-rf0pzaa82dpbeu9l4sxm-1","101.5859mm","69.425mm","101.5859mm","69.425mm","101.5859mm","70.187mm","T","270.00","100n"
"C16","PCB-rf0pzaa82dpbeu9l4sxm-1","107.925mm","69.575mm","107.925mm","69.575mm","107.925mm","70.337mm","T","270.00","100n"
"C15","PCB-rf0pzaa82dpbeu9l4sxm-1","42.625mm","44.45mm","42.625mm","44.45mm","43.387mm","44.45mm","T","180.00","22u"
"C14","PCB-rf0pzaa82dpbeu9l4sxm-1","42.5565mm","38.1945mm","42.5565mm","38.1945mm","43.3185mm","38.1945mm","T","180.00","10u"
"C13","A750MS827M1CAAE013","117.9mm","37.9mm","120.4mm","37.9mm","120.4mm","37.9mm","T","180.00","820u"
"C12","PCB-rf0pzaa82dpbeu9l4sxm-1","103.025mm","32.15mm","103.025mm","32.15mm","102.263mm","32.15mm","T","360.00","100n"
"C11","PCB-6alau6k4isvsg1wxu4va-1","86.1mm","32.5mm","86.1mm","32.5mm","86.1mm","31mm","T","90.00","47u"
"C10","PCB-6alau6k4isvsg1wxu4va-1","89.5mm","32.5mm","89.5mm","32.5mm","89.5mm","31mm","T","90.00","47u"
"C9","A750MS827M1CAAE013","106.5mm","38mm","106.5mm","40.5mm","106.5mm","40.5mm","T","270.00","820u"
"C8","PCB-rf0pzaa82dpbeu9l4sxm-1","101.5mm","43.2mm","101.5mm","43.2mm","101.5mm","43.962mm","T","270.00","100n"
"C7","PCB-6alau6k4isvsg1wxu4va-1","89.6mm","38.3mm","89.6mm","38.3mm","89.6mm","36.8mm","T","90.00","47u"
"C6","PCB-6alau6k4isvsg1wxu4va-1","86.1mm","38.3mm","86.1mm","38.3mm","86.1mm","36.8mm","T","90.00","47u"
"C5","A750MS827M1CAAE013","49.6mm","33.35mm","47.1mm","33.35mm","47.1mm","33.35mm","T","360.00","820u"
"C4","PCB-rf0pzaa82dpbeu9l4sxm-1","59.944mm","33.782mm","59.944mm","33.782mm","59.182mm","33.782mm","T","0.00","100n"
"C3","PCB-6alau6k4isvsg1wxu4va-1","31.525mm","31.25mm","31.525mm","31.25mm","30.025mm","31.25mm","T","360.00","22u"
"C2","PCB-6alau6k4isvsg1wxu4va-1","59.055mm","40.259mm","59.055mm","40.259mm","60.555mm","40.259mm","T","180.00","22u"
"C1","PCB-6alau6k4isvsg1wxu4va-1","59.7mm","30.7mm","59.7mm","30.7mm","58.2mm","30.7mm","T","360.00","22u"
"R33","PCB-3d5y3t7f8drf35yjcj59-1","62.8mm","57.15mm","62.8mm","57.15mm","61.911mm","57.15mm","T","360.00","10k"
"R34","PCB-3d5y3t7f8drf35yjcj59-1","62.775mm","54.2mm","62.775mm","54.2mm","62.775mm","55.089mm","T","270.00","10k"
"C110","PCB-rf0pzaa82dpbeu9l4sxm-1","54.65mm","86.75mm","54.65mm","86.75mm","54.65mm","87.512mm","T","270.00","100n"
"C111","PCB-rf0pzaa82dpbeu9l4sxm-1","42.1mm","76.3mm","42.1mm","76.3mm","41.338mm","76.3mm","T","360.00","100n"
"Q3","ONSC-SOT-23-3-318-08_V","57.1mm","86.675mm","57.1mm","86.675mm","58.1mm","85.725mm","T","180.00","BC807"
"R41","PCB-3d5y3t7f8drf35yjcj59-1","58.95mm","83.675mm","58.95mm","83.675mm","58.061mm","83.675mm","T","360.00","10k"
"R42","PCB-3d5y3t7f8drf35yjcj59-1","55.8mm","83.6mm","55.8mm","83.6mm","56.689mm","83.6mm","T","180.00","1k"
"R43","PCB-3d5y3t7f8drf35yjcj59-1","51.175mm","68.8mm","51.175mm","68.8mm","51.175mm","69.689mm","T","270.00","1k"
"RL1","PCB-79j3gj3ralb8es1cyg77-1","47.306mm","86.25mm","53.275mm","86.25mm","51.243mm","83.71mm","T","180.00","Fujitsu FTR-B3CA012Z"
"U7","PCB-tryrgihdrozpg2dv6q87-1","39.325mm","72.175mm","39.325mm","72.175mm","38.69mm","69.05mm","T","90.00","ACPL-217-500E"
"D7","PCB-dk2zqfkr0dm389ntik9k-1","56mm","89.425mm","56mm","89.425mm","54.425mm","89.425mm","T","360.00","1N4148W"
"C112","PCB-rf0pzaa82dpbeu9l4sxm-1","91.6063mm","55.9577mm","91.6063mm","55.9577mm","91.6063mm","55.1957mm","T","90.00","22u"
"C113","PCB-rf0pzaa82dpbeu9l4sxm-1","96.3mm","46.4mm","96.3mm","46.4mm","95.538mm","46.4mm","T","360.00","22u"
"C114","PCB-rf0pzaa82dpbeu9l4sxm-1","108.4mm","53.5mm","108.4mm","53.5mm","107.638mm","53.5mm","T","360.00","22u"
"TP2","P1-09","55mm","69.3mm","55mm","69.3mm","55mm","69.3mm","T","360.00","Keystone Electronics 5001"
"TP3","P1-09","80mm","44.7mm","80mm","44.7mm","80mm","44.7mm","T","90.00","Keystone Electronics 5001"
"TP4","P1-09","30.3mm","76mm","30.3mm","76mm","30.3mm","76mm","T","90.00","Keystone Electronics 5001"
"TP5","P1-09","121.4mm","99.7mm","121.4mm","99.7mm","121.4mm","99.7mm","T","90.00","Keystone Electronics 5001"

